Total Topk Error Scores,Predicted Values,Ground Values
0.0,0.0,0.0
0.0,0.0,0.0
0.0,0.0,0.0
0.8612007564573109,0.0,0.0
0.44112128973370884,0.0,0.0
0.5082849461773561,0.0,0.0
0.702391110705588,0.0,0.0
0.5754657195977494,0.0,0.0
0.8139198900505186,0.0,0.0
0.835042843227813,0.0,0.0
1.1247097275958378,1.0,0.0
1.2247587697258475,1.0,0.0
3.1702266807532453,1.0,0.0
5.463300254148219,1.0,0.0
5.868256865289092,1.0,0.0
6.192182033732234,1.0,0.0
3.338371927921673,1.0,0.0
1.4964032250602615,1.0,0.0
1.4337636172964137,1.0,0.0
0.9106313261682679,0.0,0.0
0.8857613130861028,0.0,0.0
1.2038069554043174,1.0,0.0
1.1483693760217304,1.0,0.0
0.7948868688974355,0.0,0.0
0.9279207510256919,0.0,0.0
1.1686129227222606,1.0,0.0
1.2847217045015684,1.0,0.0
1.3715483540132731,1.0,0.0
1.625083417033411,1.0,0.0
1.6049651583454658,1.0,0.0
0.5832563269279963,0.0,0.0
0.7974508631171402,0.0,0.0
0.8940143355797421,0.0,0.0
0.8696673403292957,0.0,0.0
0.3666121762092107,0.0,0.0
0.8565995304494427,0.0,0.0
0.8582709619229854,0.0,0.0
0.6481580304685441,0.0,0.0
0.5890529051440114,0.0,0.0
0.6852378856740398,0.0,0.0
0.8787814677019842,0.0,0.0
1.0224501302736555,1.0,0.0
1.106898490156114,1.0,0.0
1.2076693471059938,1.0,0.0
1.1045605714154525,1.0,0.0
0.9192086064600047,0.0,0.0
0.7937044273584766,0.0,0.0
1.3487962064288896,1.0,0.0
1.8745012891981694,1.0,0.0
1.826822460276729,1.0,0.0
1.9334284987452968,1.0,0.0
1.6956469771879517,1.0,0.0
1.8234621416137518,1.0,0.0
1.7462540228462307,1.0,0.0
1.500654073624115,1.0,0.0
0.8531656377519528,0.0,0.0
0.7138035234263803,0.0,0.0
0.7249858830963564,0.0,0.0
0.7682023646825082,0.0,0.0
0.7782424713017118,0.0,0.0
0.9779391752013362,1.0,0.0
1.0590834075640718,1.0,0.0
1.2169463309030186,1.0,0.0
1.0584297040045767,1.0,0.0
1.048182692115657,1.0,0.0
0.956159928233639,1.0,0.0
0.9442459989052324,0.0,0.0
0.9635035434332697,1.0,0.0
0.9504786062066031,0.0,0.0
0.9613280262432214,1.0,0.0
0.9879942547851065,1.0,0.0
1.2921924131507703,1.0,0.0
2.390275297779517,1.0,0.0
3.1779613183001603,1.0,0.0
3.2575744070655177,1.0,0.0
3.4040177150002378,1.0,0.0
1.6778332894577654,1.0,0.0
2.551863672346668,1.0,0.0
3.1017813149449016,1.0,0.0
2.5098823636066605,1.0,0.0
2.6507426509459395,1.0,0.0
2.2601441256935244,1.0,0.0
0.9900033445039185,1.0,0.0
1.2954513767244928,1.0,0.0
1.785707581132399,1.0,0.0
1.452430092079136,1.0,0.0
1.492106707775205,1.0,0.0
1.499890974951122,1.0,0.0
1.1322888086901977,1.0,0.0
0.7807619882423935,0.0,0.0
1.2867958163514557,1.0,0.0
1.322232055294321,1.0,0.0
1.333111081098795,1.0,0.0
1.0975894699290885,1.0,0.0
0.6225536245525641,0.0,0.0
0.6404616165143573,0.0,0.0
0.8041858502595126,0.0,0.0
0.6417036078468528,0.0,0.0
0.8885795204221326,0.0,0.0
0.8486307163873208,0.0,0.0
0.8536068821749304,0.0,0.0
0.6627163511399902,0.0,0.0
0.6730698913802466,0.0,0.0
0.6929710203734368,0.0,0.0
0.7782154564650744,0.0,0.0
0.7992300955781949,0.0,0.0
0.8033538207159134,0.0,0.0
0.8060043018354934,0.0,0.0
0.8042585092173096,0.0,0.0
0.7930512984369636,0.0,0.0
0.76516152057253,0.0,0.0
0.729129854857592,0.0,0.0
1.268922966786508,1.0,0.0
1.913534140954134,1.0,0.0
2.0035067989730995,1.0,0.0
2.207095896541843,1.0,0.0
1.3791095596889906,1.0,0.0
0.7811627677825596,0.0,0.0
0.6575286093405237,0.0,0.0
0.6549008665050519,0.0,0.0
1.2223986798579936,1.0,0.0
1.9410790660235735,1.0,0.0
3.004065723006023,1.0,0.0
2.807756714136651,1.0,0.0
1.4821450270888192,1.0,0.0
0.8355345267726323,0.0,0.0
0.7296150716178085,0.0,0.0
0.7578774045901184,0.0,0.0
0.7749377740371228,0.0,0.0
0.770242715424111,0.0,0.0
0.7598732134778795,0.0,0.0
0.7661671415679407,0.0,0.0
0.778750059155084,0.0,0.0
0.9693327229863932,1.0,0.0
1.3064531848802847,1.0,0.0
1.5934794052969274,1.0,0.0
1.85423669899327,1.0,0.0
2.075142914443544,1.0,0.0
1.8166793339068559,1.0,0.0
1.3830090621264945,1.0,0.0
0.997374722872313,1.0,0.0
0.84611880810238,0.0,0.0
0.865682231624836,0.0,0.0
0.8725393645708572,0.0,0.0
1.0427336638921638,1.0,0.0
1.5709002479142542,1.0,0.0
2.085664218891766,1.0,0.0
2.326557146573873,1.0,0.0
2.8903549764792467,1.0,0.0
3.035621103767993,1.0,0.0
3.3888601737931383,1.0,0.0
1.8253475787632178,1.0,0.0
1.5136218823484382,1.0,0.0
0.9839905664985902,1.0,0.0
0.8911121214155764,0.0,0.0
2.580625971651689,1.0,0.0
3.306875548566613,1.0,0.0
3.314817655785707,1.0,0.0
3.360567217651457,1.0,0.0
1.981726337335139,1.0,0.0
1.8005378324918608,1.0,0.0
2.0533452212437737,1.0,0.0
1.5507874610628745,1.0,0.0
0.9912421902203312,1.0,0.0
0.8692098896911119,0.0,0.0
0.9052474975349096,0.0,0.0
0.8572636903246029,0.0,0.0
1.5266910486665397,1.0,0.0
3.3944884671219127,1.0,0.0
3.312278490939727,1.0,0.0
1.8751440811570368,1.0,0.0
1.1709462756586855,1.0,0.0
0.8678614593563707,0.0,0.0
0.43790941649985143,0.0,0.0
0.400041155764593,0.0,0.0
0.3640585673173867,0.0,0.0
0.32628419560487687,0.0,0.0
0.2873798120862902,0.0,0.0
0.24997151357837125,0.0,0.0
0.3084765553076917,0.0,0.0
0.3926956160320013,0.0,0.0
0.49935440860602176,0.0,0.0
0.636272577688358,0.0,0.0
0.708769270652168,0.0,0.0
1.1342873587346853,1.0,0.0
1.7624133438842717,1.0,0.0
1.997229313654191,1.0,0.0
2.0875766897633015,1.0,0.0
1.1334273670419612,1.0,0.0
0.8364042965175073,0.0,0.0
0.7710859801753271,0.0,0.0
0.9660851481017944,1.0,0.0
1.12968759893931,1.0,0.0
1.3102111441779136,1.0,0.0
1.5963506038767337,1.0,0.0
0.977125870259648,1.0,0.0
0.9632818227854911,1.0,0.0
1.40833164961526,1.0,0.0
1.4157672885101689,1.0,0.0
1.4201921338494576,1.0,0.0
1.3073819539589702,1.0,0.0
0.9080474944355651,0.0,0.0
0.852927231823973,0.0,0.0
0.6396785382619576,0.0,0.0
0.5851848154841243,0.0,0.0
0.869764729733163,0.0,0.0
0.8851300047271684,0.0,0.0
0.8679308233935393,0.0,0.0
0.8719560480679402,0.0,0.0
0.44112128973370884,0.0,0.0
0.5082849461773561,0.0,0.0
0.581582353380932,0.0,0.0
0.6682863380243419,0.0,0.0
0.7717936670128873,0.0,0.0
0.8748577481610099,0.0,0.0
0.5135067046992468,0.0,0.0
0.1748915538667722,0.0,0.0
0.3383774957027407,0.0,0.0
0.4605440157999442,0.0,0.0
0.32738148923246596,0.0,0.0
0.5396971573298307,0.0,0.0
0.8372999123919767,0.0,0.0
1.0695200292493263,1.0,0.0
1.355281597137308,1.0,0.0
1.5281587196942574,1.0,0.0
2.23821679999646,1.0,0.0
2.840191850493252,1.0,0.0
3.0083442997015992,1.0,0.0
5.68398248961873,1.0,0.0
3.583976002948073,1.0,0.0
3.1354382800893137,1.0,0.0
3.160764748273055,1.0,0.0
1.6013023889593205,1.0,0.0
5.090260917246406,1.0,0.0
8.722516093219056,1.0,0.0
14.48751681389204,1.0,0.0
17.839894873472538,1.0,0.0
14.678919340737824,1.0,0.0
15.670184386144566,1.0,0.0
13.081706250992339,1.0,0.0
9.9803785313977,1.0,0.0
8.3061054154829,1.0,0.0
4.116247102925484,1.0,0.0
1.5237826071982543,1.0,0.0
1.7281145765427872,1.0,0.0
1.9406352028727076,1.0,0.0
1.0028906141867675,1.0,0.0
0.96300856966215,1.0,0.0
1.2873386650878549,1.0,0.0
1.557327301479043,1.0,0.0
1.6971156794120557,1.0,0.0
1.8706042415795894,1.0,0.0
2.006742819278075,1.0,0.0
2.1099570612585827,1.0,0.0
2.186396031553959,1.0,0.0
2.241139032997785,1.0,0.0
2.2834964852481643,1.0,0.0
2.315342005300296,1.0,0.0
2.33411846509938,1.0,0.0
2.3365916749415705,1.0,0.0
2.3215925210903245,1.0,0.0
2.2970468232793118,1.0,0.0
2.4238301908608113,1.0,0.0
2.9033276238037704,1.0,0.0
3.3756566131716736,1.0,0.0
3.832531749690138,1.0,0.0
4.167577210947509,1.0,0.0
4.462451858492991,1.0,0.0
4.661940383930986,1.0,0.0
4.708356697091764,1.0,0.0
4.768651747529537,1.0,0.0
4.8341542597571925,1.0,0.0
4.8250788886047,1.0,0.0
4.883612506348816,1.0,0.0
4.858965339870509,1.0,0.0
4.724606493654243,1.0,0.0
4.657211317496681,1.0,0.0
4.574079921272147,1.0,0.0
4.531940194164846,1.0,0.0
3.765065472988275,1.0,0.0
2.771807073077641,1.0,0.0
1.6585837497611224,1.0,0.0
0.8364135882392781,0.0,0.0
1.0254633408592322,1.0,0.0
1.0351228719801928,1.0,0.0
1.0127602358977872,1.0,1.0
0.8263546571952685,0.0,1.0
1.021368524269038,1.0,1.0
2.8496888596594863,1.0,1.0
4.667407055593462,1.0,1.0
4.883034276924,1.0,1.0
5.031154087681309,1.0,1.0
2.459035713921916,1.0,1.0
0.9109828069454438,0.0,1.0
0.7329319166129317,0.0,1.0
0.6589291581666403,0.0,1.0
0.6490615734437994,0.0,1.0
0.7881201446872499,0.0,1.0
1.1037776162024233,1.0,1.0
1.4059392029449633,1.0,1.0
1.6590566012215462,1.0,1.0
1.8595280681563127,1.0,1.0
2.011498209951052,1.0,1.0
2.1163652208759745,1.0,1.0
2.1798572650499155,1.0,1.0
2.2160821119102616,1.0,1.0
2.359454449998606,1.0,1.0
2.569275355373284,1.0,1.0
2.6826057045067273,1.0,1.0
2.7169699075129623,1.0,1.0
3.4737328857054823,1.0,1.0
3.217950892380177,1.0,1.0
4.0232012426392805,1.0,1.0
4.397589109190103,1.0,1.0
3.7231945403907676,1.0,1.0
4.17262827425576,1.0,1.0
3.4976030761878407,1.0,1.0
3.2311144880403386,1.0,1.0
3.219770240972471,1.0,1.0
3.141429650912071,1.0,1.0
3.1699128204783844,1.0,1.0
3.2380558111866105,1.0,1.0
3.3188848445780748,1.0,1.0
3.395696347014237,1.0,1.0
3.4966012324161353,1.0,1.0
3.545763425503346,1.0,1.0
3.6121015205653833,1.0,1.0
3.5876604339793867,1.0,1.0
3.5312717015848385,1.0,1.0
3.5514504373701046,1.0,1.0
3.6379152678992,1.0,1.0
3.839880670525404,1.0,1.0
3.9847283046249116,1.0,1.0
4.12151496183907,1.0,1.0
4.151454433728015,1.0,1.0
3.2272836244086096,1.0,1.0
3.3869892467720417,1.0,1.0
2.633982633757552,1.0,1.0
2.100481207896839,1.0,1.0
2.173635177249933,1.0,1.0
2.712746887677154,1.0,1.0
2.9487861479012825,1.0,1.0
2.3323838771622625,1.0,1.0
2.3163181172645597,1.0,1.0
2.3177385556782255,1.0,1.0
2.3204138470510802,1.0,1.0
2.3279510328923596,1.0,1.0
2.3361590080147767,1.0,1.0
2.341343954722398,1.0,1.0
2.34079835988141,1.0,1.0
2.3399579384568225,1.0,1.0
2.33905084783138,1.0,1.0
3.461082326738339,1.0,1.0
3.3314041569640707,1.0,1.0
2.333680714519563,1.0,1.0
2.330286807060253,1.0,1.0
2.3282402446950066,1.0,1.0
2.3272375763343476,1.0,1.0
2.3962792748158717,1.0,1.0
2.4091073780972487,1.0,1.0
2.9418427041248614,1.0,1.0
5.791888320146281,1.0,1.0
6.0689395459083375,1.0,1.0
6.23969834673855,1.0,1.0
3.9795507955155545,1.0,1.0
2.695001485395373,1.0,1.0
2.541348292835162,1.0,1.0
2.5165579821556543,1.0,1.0
2.6197502055616164,1.0,1.0
2.6833435807062616,1.0,1.0
2.6909231152048836,1.0,1.0
2.698765686109623,1.0,1.0
2.7069026929561626,1.0,1.0
2.7153459468452614,1.0,1.0
2.723904525831218,1.0,1.0
2.792156225640144,1.0,1.0
2.962694794477669,1.0,1.0
3.7401823436431028,1.0,1.0
2.753407088455279,1.0,1.0
2.70569709008152,1.0,1.0
2.7146457836314037,1.0,1.0
2.7220569446494105,1.0,1.0
2.246001009983187,1.0,1.0
1.7800881934535182,1.0,1.0
2.4898542417492595,1.0,1.0
2.9489513043975077,1.0,1.0
2.23132689978226,1.0,0.0
3.365406049112093,1.0,0.0
3.8150361272204103,1.0,0.0
3.559385031955477,1.0,0.0
4.068991140230629,1.0,0.0
3.691174675330656,1.0,0.0
3.3464232067510293,1.0,0.0
3.330595683600265,1.0,0.0
3.0706205969246776,1.0,0.0
3.0384638045488996,1.0,0.0
2.8238007862148247,1.0,0.0
3.899747405133019,1.0,0.0
3.7863659305113595,1.0,0.0
4.316508599703173,1.0,0.0
3.7694466347224176,1.0,0.0
3.485683585259804,1.0,0.0
3.874785926966455,1.0,0.0
3.593846056859324,1.0,0.0
4.640830774479529,1.0,0.0
3.668542108125511,1.0,0.0
2.855262968940948,1.0,0.0
2.1924294930641173,1.0,0.0
2.2587503498738832,1.0,0.0
2.259585434727386,1.0,0.0
2.2981351296953942,1.0,0.0
2.287240380720157,1.0,0.0
2.2723788142940444,1.0,0.0
2.284309409161649,1.0,0.0
2.2882264131093617,1.0,0.0
2.2888744199870166,1.0,0.0
2.3064288339249823,1.0,0.0
2.330813916527936,1.0,0.0
2.361842754384157,1.0,0.0
2.383161976216542,1.0,0.0
2.3987998556744516,1.0,0.0
2.40599704423793,1.0,0.0
2.404657529670373,1.0,0.0
2.4238394948857107,1.0,0.0
2.4419458466751545,1.0,0.0
2.4628185510317815,1.0,0.0
2.5085077305110772,1.0,0.0
2.5436958176998368,1.0,0.0
2.8979392222359475,1.0,0.0
3.065484815465152,1.0,0.0
3.256190079338913,1.0,0.0
2.6643807950205454,1.0,0.0
2.6881934198066264,1.0,0.0
2.708347357478732,1.0,0.0
2.747458373660563,1.0,0.0
2.793570919400046,1.0,0.0
2.841059987578254,1.0,0.0
2.9032969101101793,1.0,0.0
3.194535311887604,1.0,0.0
2.535927146207141,1.0,0.0
2.0072789668724753,1.0,0.0
2.023817564369021,1.0,0.0
2.011278077150966,1.0,0.0
2.006124613869974,1.0,0.0
2.0295762951555423,1.0,0.0
2.0333532617721954,1.0,0.0
2.04552812775471,1.0,0.0
2.0510701832615603,1.0,0.0
1.5740082997828404,1.0,0.0
2.558102290920607,1.0,0.0
1.4019925830168496,1.0,0.0
1.373311964098502,1.0,0.0
2.372855534457693,1.0,0.0
2.0685104695924537,1.0,0.0
3.9119479877243055,1.0,0.0
3.9922971193411705,1.0,0.0
3.741513235627723,1.0,0.0
3.5141856239657447,1.0,0.0
3.130217796802489,1.0,0.0
2.8147877830110812,1.0,0.0
2.788011814448496,1.0,0.0
2.6488444001023925,1.0,0.0
2.4910354993086314,1.0,0.0
2.58998034060561,1.0,0.0
2.5979008299514823,1.0,0.0
2.672571769753294,1.0,0.0
3.3061683515074543,1.0,0.0
3.769252002875168,1.0,0.0
4.229737423620444,1.0,0.0
4.593413490503411,1.0,0.0
4.8949618817722245,1.0,0.0
5.208562137879484,1.0,0.0
5.404937996401415,1.0,0.0
5.496889629075781,1.0,0.0
5.546914651315753,1.0,0.0
5.502481386932869,1.0,0.0
5.280897934629903,1.0,0.0
4.515349001613711,1.0,0.0
5.235796329073216,1.0,0.0
5.116716689201292,1.0,0.0
4.253142810930961,1.0,0.0
3.964980869386547,1.0,0.0
1.8864555498189333,1.0,0.0
1.687414366044107,1.0,0.0
2.1967477628449252,1.0,0.0
2.361908915517568,1.0,0.0
2.538266915413643,1.0,0.0
1.6321319181919345,1.0,0.0
1.4945104000882214,1.0,0.0
1.499554866394706,1.0,0.0
1.50032174740875,1.0,0.0
1.5038133889353862,1.0,0.0
1.506511578711707,1.0,0.0
1.5092658169517883,1.0,0.0
1.5125612574848537,1.0,0.0
1.515387940455706,1.0,0.0
1.5189244730373654,1.0,0.0
1.5243108454295928,1.0,0.0
1.786242788655659,1.0,0.0
1.9153601941756102,1.0,0.0
1.9985978278820948,1.0,0.0
1.545025311955222,1.0,0.0
1.5483165383967021,1.0,0.0
1.5515084984078693,1.0,0.0
1.5546489795781606,1.0,0.0
1.5576979532659203,1.0,0.0
1.5614928211642227,1.0,0.0
1.565492130016813,1.0,0.0
1.569993574546602,1.0,0.0
1.5751802115458646,1.0,0.0
1.5798650788560313,1.0,0.0
1.5844153043715372,1.0,0.0
1.5882747534847996,1.0,0.0
1.5908020791010742,1.0,0.0
1.5937341457319598,1.0,0.0
1.5966915282827645,1.0,0.0
1.5988744800078023,1.0,0.0
1.6021986872057568,1.0,0.0
1.6059907840512802,1.0,0.0
1.610578905020642,1.0,0.0
1.6803292168467072,1.0,0.0
2.012669519715482,1.0,0.0
2.0286068083031537,1.0,0.0
1.7179352114410702,1.0,0.0
1.6775721070604748,1.0,0.0
1.696862053778334,1.0,0.0
1.7148700801101224,1.0,0.0
2.2640630569606603,1.0,0.0
2.3980659658255323,1.0,0.0
2.768466195828262,1.0,0.0
2.180752325874912,1.0,0.0
2.227055316074746,1.0,0.0
3.0144193329861446,1.0,0.0
3.155019910974863,1.0,0.0
3.3275797521279715,1.0,0.0
3.7654242725904377,1.0,0.0
3.79181117152445,1.0,0.0
4.4372899592972805,1.0,0.0
4.986767480784882,1.0,0.0
5.320655700138215,1.0,0.0
5.753382711224493,1.0,0.0
5.852115699952594,1.0,0.0
5.37295801540896,1.0,0.0
5.017902134289072,1.0,0.0
4.724430510237861,1.0,0.0
4.617998636741249,1.0,1.0
3.3935595737851014,1.0,1.0
2.17908611788221,1.0,1.0
2.179402366625568,1.0,1.0
2.179323076813474,1.0,1.0
2.1792252228157087,1.0,1.0
3.2382351536361726,1.0,1.0
3.028166934123664,1.0,1.0
2.1787322855150015,1.0,1.0
3.0762935504856337,1.0,1.0
2.764935145778971,1.0,1.0
2.8434496180360855,1.0,1.0
2.144820501186309,1.0,1.0
1.9892247027074208,1.0,1.0
1.9921751183469303,1.0,1.0
1.9933597359606057,1.0,1.0
1.9939303191060116,1.0,1.0
1.9938859066945165,1.0,1.0
1.993573198804011,1.0,1.0
1.9931742458547368,1.0,1.0
1.992745650908724,1.0,1.0
1.9922786630010656,1.0,1.0
2.679957003413108,1.0,1.0
2.228454963132232,1.0,1.0
3.033174755160366,1.0,1.0
3.594808971854565,1.0,1.0
3.8289019476230166,1.0,1.0
3.996714247903995,1.0,1.0
4.096838847121051,1.0,1.0
4.103861322271744,1.0,1.0
4.111297531287576,1.0,1.0
4.118835045810297,1.0,1.0
4.126181660938537,1.0,1.0
4.134210498804216,1.0,1.0
4.142347982852446,1.0,1.0
4.150100572898045,1.0,1.0
4.158421678405907,1.0,1.0
4.166656452548695,1.0,1.0
4.1742051558505615,1.0,1.0
4.182228179733805,1.0,1.0
4.190725085012701,1.0,1.0
4.175102976951025,1.0,1.0
4.118818314925592,1.0,1.0
4.002864792998305,1.0,1.0
3.7923555050006965,1.0,1.0
3.5470849388651486,1.0,1.0
3.2886520602508096,1.0,1.0
3.0418905422384124,1.0,1.0
2.844708114970666,1.0,1.0
2.6660808662485653,1.0,1.0
2.503624812310543,1.0,1.0
2.3618056772475438,1.0,1.0
2.250350379154739,1.0,1.0
2.1682542284056145,1.0,1.0
2.116151911111442,1.0,1.0
2.0872402731063997,1.0,1.0
2.0682738075875022,1.0,1.0
2.052661968106312,1.0,1.0
2.037050965169358,1.0,1.0
2.732056516794267,1.0,1.0
2.6887805358988266,1.0,1.0
2.5427161898052897,1.0,1.0
2.3495077450134123,1.0,1.0
1.6052558080759196,1.0,1.0
1.6064843828485809,1.0,1.0
1.6077667027091849,1.0,1.0
1.6085235347146427,1.0,1.0
1.6083537002367438,1.0,1.0
1.6080396265887096,1.0,1.0
1.6592846620792674,1.0,1.0
1.7341951726338007,1.0,1.0
1.8296437571464588,1.0,1.0
1.9180018405128965,1.0,1.0
1.9584865376461489,1.0,1.0
1.9824650507352017,1.0,1.0
1.9671105176887287,1.0,1.0
2.3111786977442934,1.0,1.0
2.3932715939682465,1.0,1.0
2.5001722708536667,1.0,1.0
2.6200637656198804,1.0,1.0
2.712471786574043,1.0,1.0
2.7150462002611055,1.0,1.0
2.722252393700072,1.0,1.0
2.72940423285962,1.0,1.0
2.7363814012194743,1.0,1.0
2.716862556026653,1.0,1.0
2.7262517426930932,1.0,1.0
2.7350300894089186,1.0,1.0
2.745700446778944,1.0,1.0
2.781807068862433,1.0,1.0
2.625454257201598,1.0,1.0
2.5654553298847,1.0,1.0
2.5708351847112856,1.0,1.0
2.558905160386234,1.0,1.0
2.783022045165935,1.0,1.0
2.769815145083029,1.0,1.0
2.785706154088558,1.0,1.0
2.560863655639553,1.0,1.0
2.50093006759605,1.0,1.0
2.702472514474481,1.0,1.0
1.975989350819034,1.0,1.0
1.580562886661653,1.0,1.0
1.5402810064781058,1.0,1.0
1.5004488146068509,1.0,1.0
1.460588902916121,1.0,1.0
1.420911572773559,1.0,1.0
1.4214259069422195,1.0,1.0
1.4725197207425569,1.0,1.0
2.198356120168394,1.0,1.0
1.7402434347591222,1.0,1.0
1.2214288300225924,1.0,1.0
0.8772660603723094,0.0,1.0
1.3930808894904196,1.0,1.0
1.7994696192560162,1.0,1.0
1.842989590220955,1.0,1.0
1.6980194213530604,1.0,1.0
1.5005584890735353,1.0,1.0
1.133189461763966,1.0,1.0
1.0948746639873077,1.0,1.0
1.2043546876853846,1.0,1.0
1.5099849756387096,1.0,1.0
1.4402041819831635,1.0,1.0
1.1617321714411484,1.0,1.0
1.1477917175032288,1.0,1.0
1.1190937584669256,1.0,1.0
1.0778078515082148,1.0,1.0
1.0639730496834368,1.0,1.0
1.7720536505453728,1.0,1.0
1.378170590004639,1.0,1.0
1.1250726291319004,1.0,1.0
1.2988567232828663,1.0,1.0
1.4454343865121486,1.0,1.0
1.5007217957264476,1.0,1.0
1.4275614368541965,1.0,1.0
1.4814837911727403,1.0,1.0
1.522455639772578,1.0,1.0
1.5135245640567736,1.0,1.0
1.554027703165896,1.0,1.0
1.5774237140525615,1.0,1.0
1.7845114559958888,1.0,1.0
2.002783648836034,1.0,1.0
2.2207148312910525,1.0,1.0
2.418715334571648,1.0,1.0
2.39680256249848,1.0,1.0
2.3065839588981576,1.0,1.0
2.1760456716254843,1.0,1.0
2.1695826008216836,1.0,1.0
2.198166933368547,1.0,1.0
2.182196193161424,1.0,1.0
2.211113124155233,1.0,1.0
2.231587389421662,1.0,1.0
2.25224632506153,1.0,1.0
2.3821913745591567,1.0,1.0
2.4992998935626565,1.0,1.0
2.6424485478723474,1.0,1.0
2.712082659306447,1.0,1.0
2.64205880926501,1.0,1.0
2.7221133943580194,1.0,1.0
2.74614059208411,1.0,1.0
2.53697190879619,1.0,1.0
2.2944520916710984,1.0,1.0
2.066716190521662,1.0,1.0
1.8361266385253026,1.0,1.0
2.381448110039114,1.0,1.0
2.201960788017699,1.0,1.0
1.7437506656222734,1.0,1.0
1.9939867985463724,1.0,1.0
2.683416333604556,1.0,1.0
2.686921328539962,1.0,1.0
2.5844679808992432,1.0,1.0
2.740928123633964,1.0,1.0
2.453923685804675,1.0,1.0
2.3782353662228894,1.0,1.0
2.335937492808505,1.0,1.0
2.302124110566218,1.0,1.0
2.472541753190138,1.0,1.0
2.4705667165917733,1.0,1.0
2.476332768295303,1.0,1.0
2.5011541302716496,1.0,1.0
2.5475773861203352,1.0,1.0
2.5525346821307817,1.0,1.0
2.559017235253889,1.0,1.0
3.1450423969594716,1.0,1.0
3.2508612633293867,1.0,1.0
3.604903352679654,1.0,1.0
1.7654713938278228,1.0,1.0
1.5429897247474564,1.0,1.0
1.3984743919582194,1.0,1.0
1.4373151401101207,1.0,1.0
1.4784031211220183,1.0,1.0
1.9763920059997278,1.0,1.0
1.488280344895467,1.0,1.0
1.244888990329283,1.0,1.0
1.283023557143077,1.0,1.0
1.3235669672376742,1.0,1.0
1.3250019829356872,1.0,1.0
1.3255511191682734,1.0,1.0
1.3223545761273179,1.0,1.0
1.319111229014003,1.0,1.0
3.038743622231502,1.0,1.0
3.9182579345085697,1.0,1.0
3.803759350837998,1.0,1.0
3.7823851708011373,1.0,1.0
1.6011930300594535,1.0,1.0
2.1543390907502613,1.0,1.0
2.234772396727847,1.0,1.0
2.309005135985486,1.0,1.0
2.413074485977383,1.0,1.0
2.292238103150358,1.0,1.0
2.317310690432062,1.0,1.0
2.4796153546896136,1.0,1.0
2.4043343149447276,1.0,1.0
2.5152523766932484,1.0,1.0
2.377235877213477,1.0,1.0
1.9446968187767624,1.0,1.0
1.6209313455281322,1.0,1.0
1.72017345220751,1.0,1.0
1.9818361576592718,1.0,1.0
3.452282195473881,1.0,1.0
3.246624872861024,1.0,1.0
2.787389990464373,1.0,1.0
2.553096841193129,1.0,1.0
2.273326615519721,1.0,1.0
2.4724990068721535,1.0,1.0
2.350975780967017,1.0,1.0
2.3236990594580758,1.0,1.0
2.2994769730007647,1.0,1.0
2.1459400631942294,1.0,1.0
1.7789392140358657,1.0,1.0
1.1846725448694635,1.0,1.0
1.6353765059602001,1.0,1.0
1.9783722460745474,1.0,1.0
1.4496553413193745,1.0,1.0
1.8753559557614805,1.0,1.0
0.711610134669227,0.0,1.0
0.6811958537600571,0.0,1.0
1.5611864704378193,1.0,1.0
1.4311047597130027,1.0,1.0
1.2661677737341863,1.0,1.0
1.6705279688286012,1.0,1.0
1.727103781332544,1.0,1.0
0.9677790744788209,1.0,1.0
0.9905792479305823,1.0,1.0
0.9745027442962468,1.0,1.0
0.9533041326558671,1.0,1.0
1.0258650320869949,1.0,1.0
1.255092728604172,1.0,1.0
1.341048416049365,1.0,1.0
1.5786431616676948,1.0,1.0
1.4957926121193457,1.0,1.0
1.7200178547394493,1.0,1.0
1.7272247736760065,1.0,1.0
1.9975971357318012,1.0,1.0
2.1697636048056204,1.0,1.0
2.3284305661086595,1.0,1.0
2.0861644812707842,1.0,1.0
2.067408612873136,1.0,1.0
2.4286998685503995,1.0,1.0
2.2159745075098036,1.0,1.0
2.67486127328191,1.0,1.0
2.8790826925600292,1.0,1.0
2.7439456494838814,1.0,1.0
2.858829476941996,1.0,1.0
2.748052161725875,1.0,1.0
2.6981409456251897,1.0,1.0
2.62972643585773,1.0,1.0
2.6143500077826154,1.0,1.0
2.6600782369403784,1.0,1.0
2.6162555707317914,1.0,1.0
2.5323253083320933,1.0,1.0
2.545295957379893,1.0,1.0
2.5608893962940353,1.0,1.0
2.6115416066129264,1.0,1.0
2.7035844411003427,1.0,1.0
3.0519526435500777,1.0,1.0
3.044709370219271,1.0,1.0
1.9301536267475465,1.0,1.0
1.1800847746233758,1.0,1.0
0.839355392332745,0.0,1.0
0.7654285807398993,0.0,1.0
1.2987943010487286,1.0,1.0
1.208662844650178,1.0,1.0
1.1836526276146881,1.0,1.0
1.3338677865308322,1.0,1.0
1.0090442176406427,1.0,1.0
1.7439825122143544,1.0,1.0
2.039046823485444,1.0,1.0
1.8481923874450439,1.0,1.0
2.014476411221067,1.0,1.0
2.619723381468144,1.0,1.0
3.2671365689369276,1.0,1.0
3.3392952707647203,1.0,1.0
3.4906503136010056,1.0,1.0
1.037656659387112,1.0,1.0
0.7880070308977727,0.0,1.0
0.9922161916177774,1.0,1.0
1.4533485169196085,1.0,1.0
1.930564437693569,1.0,1.0
1.9444957761396837,1.0,1.0
2.215187008896099,1.0,1.0
1.9656376755202558,1.0,1.0
2.188472228800228,1.0,1.0
1.634023014828868,1.0,1.0
1.9116250474256322,1.0,1.0
2.307406835775496,1.0,1.0
2.122311419255333,1.0,1.0
2.8616738773020853,1.0,1.0
2.882488025891539,1.0,1.0
2.6870256260734555,1.0,1.0
2.7854950923297657,1.0,1.0
2.729090005343574,1.0,1.0
2.645544256666412,1.0,1.0
2.585268001601346,1.0,1.0
2.563518135240614,1.0,1.0
2.556689490747321,1.0,1.0
2.536195054435692,1.0,1.0
2.456891783503807,1.0,1.0
2.457674827562311,1.0,1.0
2.3937153953538117,1.0,1.0
2.4149720104132655,1.0,1.0
2.378249411856226,1.0,1.0
2.2187606068835857,1.0,1.0
2.2171113767427992,1.0,1.0
2.105410546624859,1.0,1.0
2.209499601131292,1.0,1.0
3.072845874895891,1.0,1.0
3.6888028762472556,1.0,1.0
3.6909883029382407,1.0,1.0
3.880213685167747,1.0,1.0
1.8571029755690787,1.0,1.0
1.627860804191956,1.0,1.0
2.2451485347255273,1.0,1.0
1.895490796617211,1.0,1.0
1.542696791517835,1.0,1.0
1.2579803052849106,1.0,1.0
0.8467308650238322,0.0,1.0
2.8272656727392604,1.0,1.0
3.365604722046153,1.0,1.0
3.3621287949419005,1.0,1.0
3.46731970912944,1.0,1.0
2.5451137624240383,1.0,1.0
2.60238933092493,1.0,1.0
1.464700909939332,1.0,1.0
1.2050708585976124,1.0,1.0
1.3355590011299883,1.0,1.0
1.4623288054752535,1.0,1.0
1.5899594387585876,1.0,1.0
2.6491086420227177,1.0,1.0
3.311355041709448,1.0,1.0
3.5739205774865486,1.0,1.0
3.9769066618582007,1.0,1.0
2.098242311219784,1.0,1.0
2.29521688017401,1.0,1.0
2.3884940472406213,1.0,1.0
2.4005673138097814,1.0,1.0
3.009329394138722,1.0,1.0
3.986624626523535,1.0,1.0
4.932635550734418,1.0,1.0
5.267322800876338,1.0,1.0
3.701186626755674,1.0,1.0
2.9109696562784966,1.0,1.0
2.263172725373844,1.0,1.0
2.214295140199142,1.0,1.0
2.281659477695573,1.0,1.0
2.3435359482842655,1.0,1.0
2.4033355514329053,1.0,1.0
2.4627247551050093,1.0,1.0
2.482820051662695,1.0,1.0
2.6041111526462437,1.0,1.0
3.269558767603602,1.0,1.0
3.339576116587353,1.0,1.0
3.4907910318525337,1.0,1.0
1.9459551725811517,1.0,1.0
1.6251505855856119,1.0,1.0
1.1555483872782328,1.0,1.0
1.0032523999185181,1.0,1.0
1.429430364536438,1.0,1.0
1.5409258144440487,1.0,1.0
2.1515506955442247,1.0,1.0
3.008532171178746,1.0,1.0
2.7372946971142027,1.0,1.0
1.697243239742181,1.0,1.0
1.6946276374355178,1.0,1.0
1.8689391088545455,1.0,1.0
1.9273729366747148,1.0,1.0
1.9842407223161191,1.0,1.0
2.1243170011194343,1.0,1.0
2.570918229162795,1.0,1.0
2.7125465484857383,1.0,1.0
2.6368523034600058,1.0,1.0
2.3442971828490218,1.0,1.0
2.125756517109734,1.0,1.0
2.0150407229937617,1.0,1.0
2.0048111150108348,1.0,1.0
2.3166677603146906,1.0,1.0
3.134841515915874,1.0,1.0
3.7429745678000725,1.0,1.0
3.1656745785504885,1.0,1.0
2.3731074316927536,1.0,1.0
2.091301256182733,1.0,1.0
2.0524382866346143,1.0,1.0
2.039214362672897,1.0,1.0
2.2184834499594803,1.0,1.0
2.4961422901144865,1.0,1.0
3.4286166632312414,1.0,1.0
5.750802499276983,1.0,1.0
7.580691541486002,1.0,1.0
11.095071478041616,1.0,1.0
11.599454284364864,1.0,1.0
11.522427569734461,1.0,1.0
11.632251710428859,1.0,1.0
10.21349010729072,1.0,1.0
9.376206292315803,1.0,1.0
8.93017650963834,1.0,1.0
8.707174199481686,1.0,1.0
8.514385312151594,1.0,1.0
8.344589678814545,1.0,1.0
8.345804620693029,1.0,1.0
8.415467483671854,1.0,1.0
8.459795563111179,1.0,1.0
8.447233538741338,1.0,1.0
8.473795845341405,1.0,1.0
8.379252265121739,1.0,1.0
8.449112137974485,1.0,1.0
8.517217793735089,1.0,1.0
8.581898222674708,1.0,1.0
8.637975696495955,1.0,1.0
8.660348469463745,1.0,1.0
8.608726163778215,1.0,1.0
8.386559358485982,1.0,1.0
10.151880844974148,1.0,1.0
12.159677452117565,1.0,1.0
14.518370411582849,1.0,1.0
17.359641165986897,1.0,1.0
18.119312204846896,1.0,1.0
18.54877164143457,1.0,1.0
18.73914083147614,1.0,1.0
18.562878970938453,1.0,1.0
18.55354527074166,1.0,1.0
18.560274201602187,1.0,1.0
18.554814254515893,1.0,1.0
18.554814254515893,1.0,1.0
18.554814254515893,1.0,1.0
18.554814254515893,1.0,1.0
18.554814254515893,1.0,1.0
18.554814254515893,1.0,1.0
18.554814254515893,1.0,1.0
18.554814254515893,1.0,1.0
17.64230626517934,1.0,1.0
17.487373046722873,1.0,1.0
17.21939644186557,1.0,1.0
17.115935484201547,1.0,1.0
18.052301576573086,1.0,1.0
18.207234795029553,1.0,1.0
17.801164848186417,1.0,1.0
13.611812106141807,1.0,1.0
9.554682083479438,1.0,1.0
5.195602439953277,1.0,1.0
2.5908661151228145,1.0,1.0
2.171447978049651,1.0,1.0
1.7858652203056953,1.0,1.0
1.3432989218373355,1.0,1.0
1.7503476904058664,1.0,1.0
2.434690188327394,1.0,1.0
2.1270186767271784,1.0,1.0
2.480001823416519,1.0,1.0
2.909380340955269,1.0,1.0
2.529945772882914,1.0,1.0
2.1101409616383577,1.0,1.0
1.527748760675065,1.0,1.0
1.2539703749188231,1.0,1.0
1.2539703749188231,1.0,1.0
1.2539703749188231,1.0,1.0
1.2539703749188231,1.0,1.0
1.2539703749188231,1.0,1.0
1.2539703749188231,1.0,1.0
1.2539703749188231,1.0,1.0
1.3948390057294102,1.0,1.0
2.8815095637307158,1.0,1.0
2.900008926762701,1.0,1.0
3.020140490755588,1.0,1.0
1.7752472420959071,1.0,1.0
2.132582317652475,1.0,1.0
2.098166801430649,1.0,1.0
1.870982266195187,1.0,1.0
2.1993407485819017,1.0,1.0
2.285918772474979,1.0,1.0
2.311012384676833,1.0,1.0
2.441393936152082,1.0,1.0
2.057722821027103,1.0,1.0
2.1854720495976805,1.0,1.0
1.9040447003697103,1.0,1.0
2.1348982075284275,1.0,1.0
2.509705715460841,1.0,1.0
2.3185974764869917,1.0,1.0
2.8271825030522812,1.0,1.0
2.8862579435267963,1.0,1.0
2.7253267332662388,1.0,1.0
2.8384230870178513,1.0,1.0
2.7472423322963597,1.0,1.0
2.669642906963813,1.0,1.0
2.29882472164773,1.0,1.0
2.598843077644596,1.0,1.0
2.441642383831241,1.0,1.0
1.7409881159002527,1.0,1.0
1.538079905299279,1.0,1.0
1.2539703749188231,1.0,1.0
1.2539703749188231,1.0,1.0
1.5634623504974112,1.0,1.0
2.189836367140257,1.0,1.0
2.386176718055481,1.0,1.0
2.001313929670647,1.0,1.0
1.3627484670386998,1.0,1.0
1.2539703749188231,1.0,1.0
1.2539703749188231,1.0,1.0
1.2539703749188231,1.0,1.0
1.6692892609783323,1.0,1.0
2.0370591272406693,1.0,1.0
1.9870337329227015,1.0,1.0
1.8394043824820894,1.0,1.0
1.4851305293890702,1.0,1.0
1.2539703749188231,1.0,1.0
1.3923027701716708,1.0,1.0
1.5990004049771445,1.0,1.0
1.617128974712566,1.0,1.0
1.740712293572623,1.0,1.0
1.9631928453107281,1.0,1.0
2.055301450723511,1.0,1.0
2.222653307730922,1.0,1.0
2.161428450057385,1.0,1.0
2.133239705528445,1.0,1.0
2.05495337907798,1.0,1.0
2.1403528321366068,1.0,1.0
2.2245230020792635,1.0,1.0
2.300664409415762,1.0,1.0
2.4254469767724354,1.0,1.0
2.335172121871286,1.0,1.0
2.2536120600971046,1.0,1.0
2.276625191880908,1.0,1.0
2.293849259177638,1.0,1.0
2.2742103006038668,1.0,1.0
2.3779234022593227,1.0,1.0
2.3060445834612873,1.0,1.0
2.3115691025072573,1.0,1.0
2.3317569435374836,1.0,1.0
2.3481531600445695,1.0,1.0
2.429635013178582,1.0,1.0
2.2308014872403423,1.0,1.0
1.6078575669979585,1.0,1.0
1.2646678651414458,1.0,1.0
1.277330706546136,1.0,1.0
1.76230493859557,1.0,1.0
2.2733840515186365,1.0,1.0
2.056947004800139,1.0,1.0
1.6625977395336755,1.0,1.0
1.4436330397973847,1.0,1.0
1.2721235299934452,1.0,1.0
1.2539703749188231,1.0,1.0
1.2539703749188231,1.0,1.0
1.3813313412647803,1.0,1.0
1.4751929181345242,1.0,1.0
1.2738115050554282,1.0,1.0
1.2539703749188231,1.0,1.0
1.4252371829155415,1.0,1.0
1.4859938531311172,1.0,1.0
1.7086007970976258,1.0,1.0
1.8114026265525789,1.0,1.0
1.8753137582689137,1.0,1.0
1.8720803633896441,1.0,1.0
1.875351115584382,1.0,1.0
1.8770372695058044,1.0,1.0
1.8787963445809341,1.0,1.0
1.8820187136513282,1.0,1.0
1.8842776389824205,1.0,1.0
1.8872528139015232,1.0,1.0
1.8897987974914119,1.0,1.0
1.8911424584033156,1.0,1.0
1.892837579710884,1.0,1.0
1.8934358877906479,1.0,1.0
1.8945873205522525,1.0,1.0
1.8956648335194195,1.0,1.0
1.8969106887810596,1.0,1.0
1.8981441323650565,1.0,1.0
1.900468947603901,1.0,1.0
1.9022699452092646,1.0,1.0
1.9042047606724382,1.0,1.0
1.9070072726473792,1.0,1.0
1.4145613670454418,1.0,1.0
1.2539703749188231,1.0,1.0
1.2539703749188231,1.0,1.0
1.2539703749188231,1.0,1.0
1.3398279324160045,1.0,1.0
1.3643105227142953,1.0,1.0
1.3709742489670942,1.0,1.0
1.26990730505621,1.0,1.0
1.2539703749188231,1.0,1.0
1.2539703749188231,1.0,1.0
1.2539703749188231,1.0,1.0
1.412528390401434,1.0,1.0
1.2857105746780033,1.0,1.0
1.2539703749188231,1.0,1.0
1.2539703749188231,1.0,1.0
1.326064070169307,1.0,1.0
1.3171047680152124,1.0,1.0
1.3491040725625492,1.0,1.0
1.3754244581767783,1.0,1.0
1.3736499599869023,1.0,1.0
1.433804183109249,1.0,1.0
1.4622194581328867,1.0,1.0
1.529631630966859,1.0,1.0
1.4040437588228734,1.0,1.0
1.311664846173899,1.0,1.0
1.5976106320342454,1.0,1.0
1.775061036735636,1.0,1.0
1.8293220761031608,1.0,1.0
1.7175804970665252,1.0,1.0
1.742847352574087,1.0,1.0
1.7670790183523706,1.0,1.0
1.7823873074279728,1.0,1.0
1.7838930667798605,1.0,1.0
1.7740693113284256,1.0,1.0
3.184183546123848,1.0,1.0
3.760458886534528,1.0,1.0
2.4701786844142815,1.0,1.0
2.0504302563985175,1.0,1.0
1.713075268309762,1.0,1.0
1.5645663499877425,1.0,1.0
1.2539703749188231,1.0,1.0
1.2539703749188231,1.0,1.0
1.277716540638236,1.0,1.0
1.3106202712414474,1.0,1.0
1.2539703749188231,1.0,1.0
1.2539703749188231,1.0,1.0
1.2539703749188231,1.0,1.0
1.2539703749188231,1.0,1.0
1.2958820897805743,1.0,1.0
1.3775944368876811,1.0,1.0
1.7398034834137195,1.0,1.0
2.1322150506309727,1.0,1.0
2.38388053386862,1.0,1.0
1.3267486145553522,1.0,1.0
1.2539703749188231,1.0,1.0
1.2539703749188231,1.0,1.0
1.2539703749188231,1.0,1.0
1.2770299338576099,1.0,1.0
2.5853189730489414,1.0,1.0
3.3439356107304197,1.0,1.0
3.605126224230727,1.0,1.0
4.019097783108308,1.0,1.0
1.8351479749286401,1.0,1.0
1.870308899572106,1.0,1.0
2.058343479779129,1.0,1.0
2.1190817193455116,1.0,1.0
2.083279619187688,1.0,1.0
2.067487325782129,1.0,1.0
2.052632890064826,1.0,1.0
2.043223470728014,1.0,1.0
2.0435071510593197,1.0,1.0
2.04371384334409,1.0,1.0
2.0542677642071117,1.0,1.0
2.06708905056334,1.0,1.0
2.084480670259917,1.0,1.0
2.102103108755651,1.0,1.0
2.1218094779594456,1.0,1.0
2.1675202110069205,1.0,1.0
3.069187012600378,1.0,1.0
2.8847921010779536,1.0,1.0
2.4702993613434705,1.0,1.0
2.186565354449195,1.0,1.0
2.1904010675224908,1.0,1.0
2.196720727580087,1.0,1.0
2.6293743007548462,1.0,1.0
2.5317996246992096,1.0,1.0
2.214459423294681,1.0,1.0
2.240683224570839,1.0,1.0
2.2806784541872727,1.0,1.0
2.35331311828003,1.0,1.0
2.4668643020046237,1.0,1.0
3.526609137790021,1.0,1.0
2.6514131054082077,1.0,1.0
2.7077543800793933,1.0,1.0
2.7320907539612644,1.0,1.0
2.7537348701476154,1.0,1.0
2.7646518226847228,1.0,1.0
2.7828587265970555,1.0,1.0
2.7937765375511834,1.0,1.0
2.7983223560456363,1.0,1.0
2.8037593461512773,1.0,1.0
2.8116662389634386,1.0,1.0
2.8205323185531066,1.0,1.0
2.833527636091791,1.0,1.0
2.8445517931059916,1.0,1.0
2.85308205450652,1.0,1.0
2.8602805152051314,1.0,1.0
2.8648771214809114,1.0,1.0
2.8673853202600377,1.0,1.0
3.0264711980073327,1.0,1.0
2.8701695599131645,1.0,1.0
2.870807996596791,1.0,1.0
2.8713730480873347,1.0,1.0
2.8718515887040663,1.0,1.0
2.872243148361473,1.0,1.0
2.8725126439949302,1.0,1.0
2.872293092108428,1.0,1.0
3.0480821805312224,1.0,1.0
2.605235582517653,1.0,1.0
2.1639001866453844,1.0,1.0
1.5558425969385536,1.0,1.0
1.4664861162633134,1.0,1.0
1.538942273477667,1.0,1.0
1.4657072326065674,1.0,1.0
1.315822420117481,1.0,1.0
1.4221822553900918,1.0,1.0
1.5731250819576565,1.0,1.0
1.7297345785416742,1.0,1.0
2.004729499355255,1.0,1.0
2.0217475169117205,1.0,1.0
1.9804761035289662,1.0,1.0
1.954514774996684,1.0,1.0
1.7954207192984475,1.0,1.0
1.610941214322184,1.0,1.0
1.3831306437853175,1.0,1.0
1.3531136445860907,1.0,1.0
1.3471507395130224,1.0,1.0
1.2539703749188231,1.0,1.0
1.2539703749188231,1.0,1.0
1.2539703749188231,1.0,1.0
1.2539703749188231,1.0,1.0
1.2539703749188231,1.0,1.0
1.2539703749188231,1.0,1.0
1.2539703749188231,1.0,1.0
1.2539703749188231,1.0,1.0
1.2539703749188231,1.0,1.0
2.35727353604935,1.0,1.0
2.5216326123335717,1.0,1.0
2.475489226474205,1.0,1.0
1.803861219054836,1.0,1.0
1.2539703749188231,1.0,1.0
1.2539703749188231,1.0,1.0
1.2539703749188231,1.0,1.0
1.412226367993048,1.0,1.0
1.2539703749188231,1.0,1.0
1.2539703749188231,1.0,1.0
1.2539703749188231,1.0,1.0
1.2539703749188231,1.0,1.0
1.2539703749188231,1.0,1.0
1.2539703749188231,1.0,1.0
1.2539703749188231,1.0,1.0
1.2539703749188231,1.0,1.0
1.2539703749188231,1.0,1.0
1.2539703749188231,1.0,1.0
1.2539703749188231,1.0,1.0
1.2539703749188231,1.0,1.0
1.2539703749188231,1.0,1.0
1.2539703749188231,1.0,1.0
1.2539703749188231,1.0,1.0
1.2539703749188231,1.0,1.0
1.2539703749188231,1.0,1.0
1.2539703749188231,1.0,1.0
1.2539703749188231,1.0,1.0
1.2539703749188231,1.0,1.0
1.2539703749188231,1.0,1.0
1.2539703749188231,1.0,1.0
1.2102697000051914,1.0,1.0
1.5230870811899124,1.0,1.0
2.276972642199845,1.0,1.0
3.0501130785960076,1.0,1.0
3.006445620505406,1.0,1.0
3.171307411995922,1.0,1.0
3.2312037054330394,1.0,1.0
2.3463415080872747,1.0,1.0
2.3072944608065815,1.0,1.0
1.892690289690662,1.0,1.0
2.703724771406426,1.0,1.0
2.8293408693759323,1.0,1.0
2.9944495878018,1.0,1.0
1.3258466941306504,1.0,1.0
1.3301509487783036,1.0,1.0
1.1461792797603585,1.0,1.0
1.0623862865190659,1.0,1.0
1.1713892954296123,1.0,1.0
1.1932387427343016,1.0,1.0
1.2736080974249724,1.0,1.0
1.0977906807081887,1.0,1.0
1.1100553797625223,1.0,1.0
1.1274921942826102,1.0,1.0
1.133227946061993,1.0,1.0
2.5627518003055543,1.0,1.0
3.3493194810377402,1.0,1.0
3.4152610442292604,1.0,1.0
3.5824288746095134,1.0,1.0
1.3080091306488482,1.0,1.0
1.3866628998362855,1.0,1.0
1.4729976391930735,1.0,1.0
1.5236065579038884,1.0,1.0
1.7656043932470986,1.0,1.0
1.9145217424568035,1.0,1.0
2.0574462205227126,1.0,1.0
2.222978532465252,1.0,1.0
2.2108257152767035,1.0,1.0
2.3032391917028616,1.0,1.0
2.4176360891613013,1.0,1.0
2.5587773731576275,1.0,1.0
2.711878371389629,1.0,1.0
2.8454119125790447,1.0,1.0
2.9477036614879912,1.0,1.0
3.0152141664070196,1.0,1.0
3.049359969846091,1.0,1.0
3.0642183236996416,1.0,1.0
3.4776943728733194,1.0,1.0
3.5136543174766164,1.0,1.0
3.575814400508544,1.0,1.0
2.4359375060464323,1.0,1.0
2.3966130306206046,1.0,1.0
3.0547171657244228,1.0,1.0
3.795512656986965,1.0,1.0
3.6552624969759546,1.0,1.0
3.692623397222864,1.0,1.0
1.307825191546816,1.0,1.0
1.3031984522616717,1.0,1.0
1.3033024153178296,1.0,1.0
1.3053052571184964,1.0,1.0
1.3053052571184964,1.0,1.0
2.571554665211746,1.0,1.0
3.361602453248101,1.0,1.0
3.7218334251843106,1.0,1.0
3.841550249462763,1.0,1.0
4.011235522776703,1.0,1.0
2.1979939090142477,1.0,1.0
1.4161304036532476,1.0,1.0
1.2906914560608027,1.0,1.0
1.1609300341666153,1.0,1.0
1.0614910079431823,1.0,1.0
1.1949549360039746,1.0,1.0
1.3906596927963113,1.0,1.0
1.6880126161761777,1.0,1.0
1.5841773925481228,1.0,1.0
1.1314790996521429,1.0,1.0
2.230744485131365,1.0,1.0
2.4461408129621325,1.0,1.0
2.667096405042497,1.0,1.0
3.086333356541056,1.0,1.0
2.8320072387478747,1.0,1.0
2.973366936130526,1.0,1.0
3.023269542654483,1.0,1.0
3.0522751025769006,1.0,1.0
3.068384204852156,1.0,1.0
3.076476712556186,1.0,1.0
3.080524162438972,1.0,1.0
3.081697725998952,1.0,1.0
3.082668890873233,1.0,1.0
3.083574174133555,1.0,1.0
3.5690604625056004,1.0,1.0
3.9744563771312205,1.0,1.0
4.282850152868745,1.0,1.0
3.1282446449664087,1.0,1.0
3.084693113908453,1.0,1.0
3.0866205296074902,1.0,1.0
3.090406961671135,1.0,1.0
3.095972537953335,1.0,1.0
3.1021600918703944,1.0,1.0
3.110597647639001,1.0,1.0
3.1209205559156015,1.0,1.0
3.1315738222737775,1.0,1.0
3.142070185291421,1.0,1.0
3.149664412193639,1.0,1.0
3.156014213362134,1.0,1.0
3.1610042327645256,1.0,1.0
3.1641487416769976,1.0,1.0
3.1680616575903287,1.0,1.0
3.1723192865802665,1.0,1.0
3.1752383310129804,1.0,1.0
3.178660514365532,1.0,1.0
3.229679218219073,1.0,1.0
3.185264165897487,1.0,1.0
3.19033434472041,1.0,1.0
3.195266145432573,1.0,1.0
3.199110517995744,1.0,1.0
3.204274617784389,1.0,1.0
3.208211941241489,1.0,1.0
3.213306120162888,1.0,1.0
3.217806140519574,1.0,1.0
3.222035994935684,1.0,1.0
3.2263531013104965,1.0,1.0
3.230220683304966,1.0,1.0
3.23403203519961,1.0,1.0
3.2392767860682707,1.0,1.0
3.2438207613127696,1.0,1.0
3.2479839733485134,1.0,1.0
3.2540709736279427,1.0,1.0
3.2592394586104207,1.0,1.0
3.2644918837575347,1.0,1.0
3.2688971830190527,1.0,1.0
3.2729429433191295,1.0,1.0
3.275735414767585,1.0,1.0
3.2784284037072347,1.0,1.0
3.2816570721197325,1.0,1.0
3.2836789333726704,1.0,1.0
3.2855360754510827,1.0,1.0
3.287565403569543,1.0,1.0
3.2894726002926995,1.0,1.0
3.291505991887855,1.0,1.0
3.2938763855912168,1.0,1.0
3.2957656448807358,1.0,1.0
3.297478324609577,1.0,1.0
3.299349125662186,1.0,1.0
3.3006789635110714,1.0,1.0
3.3024339766733513,1.0,1.0
3.304657570468269,1.0,1.0
3.3063721123716014,1.0,1.0
3.3085650998904876,1.0,1.0
3.310627844200309,1.0,1.0
3.3123570170420855,1.0,1.0
3.3145519030705746,1.0,1.0
3.615982977103667,1.0,1.0
3.8145944238609664,1.0,1.0
4.095543567962518,1.0,1.0
3.3211603364310123,1.0,1.0
3.3224035544007497,1.0,1.0
3.3236501454800536,1.0,1.0
3.325744882856016,1.0,1.0
3.3280433209258584,1.0,1.0
3.3306454599737343,1.0,1.0
3.3333752563818675,1.0,1.0
3.3345933910126018,1.0,1.0
3.334370953512619,1.0,1.0
3.3334588029161236,1.0,1.0
3.3321633471669942,1.0,1.0
3.3317567512075508,1.0,1.0
3.333492158548965,1.0,1.0
3.33590110986204,1.0,1.0
3.337934356116748,1.0,1.0
3.339846588280846,1.0,1.0
3.341408059440983,1.0,1.0
3.3448989068822446,1.0,1.0
3.3499865492683867,1.0,1.0
3.355430299975809,1.0,1.0
3.360389364512188,1.0,1.0
3.3642442776642643,1.0,1.0
3.3673725975811193,1.0,1.0
3.370351816365768,1.0,1.0
3.3737114516616447,1.0,1.0
3.5166114500286896,1.0,1.0
3.3779991341655284,1.0,1.0
3.378802624609505,1.0,1.0
3.3800173195163,1.0,1.0
3.4689921606426366,1.0,1.0
3.401230657575972,1.0,1.0
3.388135068011486,1.0,1.0
3.4170138656658717,1.0,1.0
3.6060957579895576,1.0,1.0
3.403549125012538,1.0,1.0
3.40773698890783,1.0,1.0
3.409906328324637,1.0,1.0
3.4113354306716577,1.0,1.0
3.411718087848127,1.0,1.0
3.4169541615061987,1.0,1.0
3.6060532289991056,1.0,1.0
3.4125753542579043,1.0,1.0
3.4132055443850633,1.0,1.0
3.4135467310870053,1.0,1.0
3.4141989100127934,1.0,1.0
3.414666912311564,1.0,1.0
3.4149549286329046,1.0,1.0
3.4152647096863507,1.0,1.0
3.415015796001404,1.0,1.0
3.4145353004799475,1.0,1.0
3.414308206029773,1.0,1.0
3.4144157821847836,1.0,1.0
3.4147704431574355,1.0,1.0
3.415433534728536,1.0,1.0
3.4161893535055317,1.0,1.0
3.4170756880049313,1.0,1.0
3.418167685294261,1.0,1.0
3.4192323949144576,1.0,1.0
3.419907368067191,1.0,1.0
3.4205713135134244,1.0,1.0
3.4214275867634725,1.0,1.0
3.4225094526123985,1.0,1.0
3.4238157120015043,1.0,1.0
3.424952577098336,1.0,1.0
3.426028496100593,1.0,1.0
3.4274545281306468,1.0,1.0
3.4290318595671843,1.0,1.0
3.4308852772966136,1.0,1.0
3.432442806097096,1.0,1.0
3.433270750071467,1.0,1.0
3.6720103075219637,1.0,1.0
3.4343824228239597,1.0,1.0
3.434599464559806,1.0,1.0
3.4341157231016752,1.0,1.0
3.433317852488359,1.0,1.0
3.432004507752408,1.0,1.0
3.4308258209416325,1.0,1.0
3.4302769911861555,1.0,1.0
3.4306522359997706,1.0,1.0
3.4320103455937407,1.0,1.0
3.4344658603528795,1.0,1.0
3.4371160223071517,1.0,1.0
3.4390209147786206,1.0,1.0
3.4397224488982463,1.0,1.0
3.440445529739305,1.0,1.0
3.4410352607192216,1.0,1.0
3.4429383485467926,1.0,1.0
3.445438192142606,1.0,1.0
3.4472882670417286,1.0,1.0
3.449488576085688,1.0,1.0
3.4507142926431316,1.0,1.0
3.45228482941372,1.0,1.0
3.4534315776610236,1.0,1.0
3.4543369638708303,1.0,1.0
3.4550677114205266,1.0,1.0
3.455403120839656,1.0,1.0
3.4557929844800106,1.0,1.0
3.4560339226078676,1.0,1.0
3.4551665187018346,1.0,1.0
3.453868446824639,1.0,1.0
3.4521109416792592,1.0,1.0
3.450757046958285,1.0,1.0
3.45032537371569,1.0,1.0
3.4515011537175035,1.0,1.0
3.4542729292917334,1.0,1.0
3.457510242432968,1.0,1.0
3.454486834096241,1.0,1.0
3.45242560374942,1.0,1.0
3.4492618934334502,1.0,1.0
3.446387955635902,1.0,1.0
3.450008579985623,1.0,1.0
3.453556655228328,1.0,1.0
3.5376086766605046,1.0,1.0
3.7816779705243224,1.0,1.0
3.440951338722141,1.0,1.0
3.4388323718823077,1.0,1.0
3.4461822625667122,1.0,1.0
3.4613596810948315,1.0,1.0
3.4750317117082288,1.0,1.0
3.486528613510301,1.0,1.0
3.492158969241395,1.0,1.0
3.4966243364989475,1.0,1.0
3.4980220877001393,1.0,1.0
3.499797009475884,1.0,1.0
3.502704121230714,1.0,1.0
3.5066936801962614,1.0,1.0
3.509311576571053,1.0,1.0
3.5121371402227872,1.0,1.0
3.515750376433062,1.0,1.0
3.5183558461995403,1.0,1.0
3.5216676220970244,1.0,1.0
3.5236850807455555,1.0,1.0
3.9172058864612493,1.0,1.0
3.408031727224896,1.0,1.0
2.7981378607294074,1.0,1.0
2.0503087025122593,1.0,1.0
1.3228185924432325,1.0,1.0
1.2981189368141766,1.0,1.0
1.2782660385634697,1.0,1.0
1.3599022395329656,1.0,1.0
2.0229499796901194,1.0,1.0
2.3223987374721538,1.0,1.0
2.2681548934594162,1.0,1.0
1.6277391470805689,1.0,1.0
1.1454881862100297,1.0,1.0
1.1629976606665875,1.0,1.0
1.0398591277419562,1.0,1.0
1.0149906165195488,1.0,1.0
1.0467431595257555,1.0,1.0
1.0094985109548449,1.0,1.0
1.3248230832856849,1.0,1.0
1.1134759801229008,1.0,1.0
1.1678746691322774,1.0,1.0
1.4875102136781284,1.0,1.0
1.5456168222851823,1.0,1.0
1.2238787394923127,1.0,1.0
1.030657971095437,1.0,1.0
1.0115990620205317,1.0,1.0
1.0387142985157696,1.0,1.0
1.0218788677465473,1.0,1.0
1.2080011850279946,1.0,1.0
1.0123976194377606,1.0,1.0
1.012595043372885,1.0,1.0
1.0129629123606412,1.0,1.0
1.0134921295069532,1.0,1.0
1.1692870324698679,1.0,1.0
1.353297491360915,1.0,1.0
2.398234300520181,1.0,1.0
2.4925012438916645,1.0,1.0
2.175753073211963,1.0,1.0
3.217209842428014,1.0,1.0
4.066621773959025,1.0,1.0
3.738604051053705,1.0,1.0
3.6082847358488177,1.0,1.0
3.401720597886137,1.0,1.0
3.3618085133565145,1.0,1.0
3.3618085133565145,1.0,1.0
3.3618085133565145,1.0,1.0
3.3618085133565145,1.0,1.0
3.0281744363967835,1.0,1.0
3.314259038618121,1.0,1.0
3.6639389890801892,1.0,1.0
1.9532354785646346,1.0,1.0
2.0661926195957245,1.0,1.0
1.7510223385319807,1.0,1.0
1.3920452224807736,1.0,1.0
1.6772820025624438,1.0,1.0
1.6463353620541559,1.0,1.0
1.9586483937962889,1.0,1.0
1.788393451679605,1.0,1.0
2.000145051139712,1.0,1.0
2.199296914525994,1.0,1.0
2.4580371614709757,1.0,1.0
2.036902729608114,1.0,1.0
0.986472452301483,1.0,1.0
0.9559594647396749,1.0,1.0
0.9547917617699025,1.0,1.0
0.9541426308831362,1.0,1.0
0.9529450256072878,0.0,1.0
2.237074542388698,1.0,1.0
2.2659555155529465,1.0,1.0
2.4023245905332615,1.0,1.0
1.732227006288831,1.0,1.0
0.9507201234479535,0.0,1.0
0.9534517442237436,1.0,1.0
0.9561612504696647,1.0,1.0
1.7702652552228664,1.0,1.0
3.5389101514566605,1.0,1.0
3.7187826152180348,1.0,1.0
3.9686591992396756,1.0,1.0
2.2073358291774476,1.0,1.0
1.1400138723288002,1.0,1.0
1.1974238064773843,1.0,1.0
1.0889749708946441,1.0,1.0
1.0216414677252375,1.0,1.0
0.9235881878213548,0.0,1.0
0.9780572482346561,1.0,1.0
0.9802402667695979,1.0,1.0
0.9838366560498455,1.0,1.0
1.0031215078854472,1.0,1.0
0.958567673647859,1.0,1.0
1.1102945904327737,1.0,1.0
1.1709425218067995,1.0,1.0
1.226472084764677,1.0,1.0
1.1355999480520038,1.0,1.0
1.0018775678959875,1.0,1.0
1.175915265793837,1.0,1.0
1.2665200121373,1.0,1.0
1.2579626511319577,1.0,1.0
1.2406644290413822,1.0,1.0
1.2235584953487,1.0,1.0
1.219194480278225,1.0,1.0
1.2133807442700666,1.0,1.0
1.2193531094181693,1.0,1.0
1.2208291953098602,1.0,1.0
1.2253696798058242,1.0,1.0
1.3433178795003653,1.0,1.0
1.22761764366767,1.0,1.0
1.2298387152764283,1.0,1.0
1.3097565076637567,1.0,1.0
1.2746761864258305,1.0,1.0
1.2935503297006048,1.0,1.0
1.3397984507405787,1.0,1.0
1.3174344294190337,1.0,1.0
1.574646441259683,1.0,1.0
2.192771070018659,1.0,1.0
2.5129363638871363,1.0,1.0
2.7603753102594095,1.0,1.0
2.9114964104800105,1.0,1.0
3.0026087024366257,1.0,1.0
3.0437770153340997,1.0,1.0
3.0653063817909967,1.0,1.0
3.0460166750905557,1.0,1.0
2.925947566054729,1.0,1.0
2.554193863499962,1.0,1.0
2.162095069301921,1.0,1.0
1.6866515010763354,1.0,1.0
1.487681901528788,1.0,1.0
1.491514487009655,1.0,1.0
1.5557093037415322,1.0,1.0
1.5343858441401603,1.0,1.0
2.0446145319528974,1.0,1.0
2.2266679429618694,1.0,1.0
2.580434107153965,1.0,1.0
2.8313844301989803,1.0,1.0
3.0039523185425248,1.0,1.0
3.089201813123735,1.0,1.0
3.1121199970152955,1.0,1.0
3.130072114453672,1.0,1.0
3.123102228159375,1.0,1.0
3.0821835006105514,1.0,1.0
2.9421360386655317,1.0,1.0
2.607022321738877,1.0,1.0
1.9857396400270007,1.0,1.0
1.3944849529073233,1.0,1.0
1.392320741716041,1.0,1.0
1.3944451418267725,1.0,1.0
1.3941840408989197,1.0,1.0
1.3889940118193946,1.0,1.0
1.3919557628693993,1.0,1.0
1.3749598589181078,1.0,1.0
1.3536548668838568,1.0,1.0
1.3431034365237595,1.0,1.0
1.3201700570468353,1.0,1.0
1.3155268371134228,1.0,1.0
1.3313638255697315,1.0,1.0
1.3418652504003947,1.0,1.0
1.4566875005949675,1.0,1.0
1.8082621809415367,1.0,1.0
2.3833757311626558,1.0,1.0
1.4703855255178384,1.0,1.0
1.1843284632127629,1.0,1.0
1.3191792691612367,1.0,1.0
0.9552815966295503,1.0,1.0
0.9555842814483282,1.0,1.0
0.9557832809819369,1.0,1.0
1.3580629599684002,1.0,1.0
2.045015607347615,1.0,1.0
1.884397293090345,1.0,1.0
2.098685385331589,1.0,1.0
1.3157378446286612,1.0,1.0
1.3097625793356178,1.0,1.0
1.3452571992051159,1.0,1.0
1.6674606003922294,1.0,1.0
2.06558891602576,1.0,1.0
2.4140247169544478,1.0,1.0
2.1520658098355887,1.0,1.0
2.48801366543156,1.0,1.0
2.3822405404871585,1.0,1.0
2.7042924133370896,1.0,1.0
1.4425631163201276,1.0,1.0
1.5535713004287823,1.0,1.0
1.7714025026466118,1.0,1.0
1.183732123124293,1.0,1.0
1.1391783050650035,1.0,1.0
1.2450049978981226,1.0,1.0
1.528793896167701,1.0,1.0
1.3895409227515247,1.0,1.0
1.1857692682112793,1.0,1.0
1.6154362724509568,1.0,1.0
2.1765737131636214,1.0,1.0
1.392878781048989,1.0,1.0
1.2453046609466738,1.0,1.0
1.232787090879983,1.0,1.0
1.5300555711224952,1.0,1.0
1.5570918944554732,1.0,1.0
1.2332160754947177,1.0,1.0
1.0396543571019286,1.0,1.0
1.4560258906765366,1.0,1.0
1.699926312480772,1.0,1.0
1.706832339530449,1.0,1.0
1.353409599654318,1.0,1.0
1.8882087988193426,1.0,1.0
1.9007684608483835,1.0,1.0
2.01178391130911,1.0,1.0
2.6079112691019346,1.0,1.0
2.4483310333611055,1.0,1.0
1.4756312876853999,1.0,1.0
1.4904538571886574,1.0,1.0
1.5031352379733254,1.0,1.0
1.5136258126130653,1.0,1.0
1.5205372963220853,1.0,1.0
1.5295202882893775,1.0,1.0
1.5410657155232905,1.0,1.0
1.555362556370798,1.0,1.0
1.573607879470774,1.0,1.0
1.5914696127941856,1.0,1.0
1.6071503399931124,1.0,1.0
2.538563033292023,1.0,1.0
2.916291246738565,1.0,1.0
2.664422636090261,1.0,1.0
3.1707280189487133,1.0,1.0
4.0142792501672,1.0,1.0
4.2865866066260985,1.0,1.0
4.497188016535827,1.0,1.0
4.640923893988431,1.0,1.0
4.803449814538376,1.0,1.0
4.935757911683687,1.0,1.0
5.076210869373609,1.0,1.0
5.177555146929244,1.0,1.0
5.286446511878109,1.0,1.0
5.378121095633626,1.0,1.0
5.412887717768879,1.0,1.0
5.462192908436726,1.0,1.0
5.471897374939056,1.0,1.0
5.468378077105077,1.0,1.0
5.476419358357,1.0,1.0
5.4791867373826735,1.0,1.0
5.483562883772642,1.0,1.0
5.504205557338652,1.0,1.0
5.529476203844392,1.0,1.0
5.56075272340818,1.0,1.0
5.607989798225477,1.0,1.0
5.653198538084043,1.0,1.0
5.698398509068905,1.0,1.0
5.752993383513325,1.0,1.0
5.799828380036774,1.0,1.0
5.867285738798609,1.0,1.0
5.929123721089035,1.0,1.0
5.980918944872448,1.0,1.0
6.023432321897378,1.0,1.0
6.033945359703516,1.0,1.0
6.085345196909546,1.0,1.0
6.171884484779495,1.0,1.0
6.319485854957627,1.0,1.0
6.482698448566378,1.0,1.0
6.609844446625151,1.0,1.0
6.701480684725773,1.0,1.0
6.732018341898179,1.0,1.0
6.7515211042738,1.0,1.0
6.783301276937111,1.0,1.0
6.818108836631916,1.0,1.0
6.852199749828418,1.0,1.0
6.89040036101046,1.0,1.0
6.9746180062996475,1.0,1.0
7.145776235033761,1.0,1.0
125.97798200397798,1.0,1.0
177.0006165026893,1.0,1.0
237.43108046081633,1.0,1.0
298.083741981882,1.0,1.0
237.38111737398322,1.0,1.0
246.64811083040178,1.0,1.0
246.64138869229436,1.0,1.0
246.63521093980117,1.0,1.0
246.6330275609631,1.0,1.0
246.6326281693731,1.0,1.0
246.63370664110488,1.0,1.0
246.63484771088815,1.0,1.0
246.6362159417906,1.0,1.0
246.63786008476285,1.0,1.0
246.63908286388573,1.0,1.0
246.6406773403966,1.0,1.0
246.64210759715633,1.0,1.0
246.6440857871346,1.0,1.0
246.64636987216159,1.0,1.0
246.64886864447305,1.0,1.0
246.85270646783988,1.0,1.0
247.09235601277447,1.0,1.0
247.38362577632398,1.0,1.0
247.683346190996,1.0,1.0
247.83245700982113,1.0,1.0
247.9444149981837,1.0,1.0
248.00397026367796,1.0,1.0
248.05379774047265,1.0,1.0
248.05244201201464,1.0,1.0
248.0511796084396,1.0,1.0
248.04932710092942,1.0,1.0
248.047558677365,1.0,1.0
248.04522441090188,1.0,1.0
248.04278652005917,1.0,1.0
248.06566539263727,1.0,1.0
248.14148802636143,1.0,1.0
248.2418923255471,1.0,1.0
248.36055213912098,1.0,1.0
248.46929385218607,1.0,1.0
248.53011355254498,1.0,1.0
248.56495846608985,1.0,1.0
248.58114515492983,1.0,1.0
248.5817434126331,1.0,1.0
248.57723716830236,1.0,1.0
248.5742608712754,1.0,1.0
248.5722892615311,1.0,1.0
248.56950147390145,1.0,1.0
248.56647867178646,1.0,1.0
248.5636513026192,1.0,1.0
248.5605825676104,1.0,1.0
248.55835644586142,1.0,1.0
248.55676009541435,1.0,1.0
248.5542421689002,1.0,1.0
248.55137676311992,1.0,1.0
248.54888800420792,1.0,1.0
248.54591282295974,1.0,1.0
248.5430506786867,1.0,1.0
248.5396297438091,1.0,1.0
248.53512208329755,1.0,1.0
248.52958219865496,1.0,1.0
248.52464559272022,1.0,1.0
248.5197538611199,1.0,1.0
248.4528121113785,1.0,1.0
248.36050355982871,1.0,1.0
248.24558638304745,1.0,1.0
248.12818991716912,1.0,1.0
248.045452973897,1.0,1.0
247.98782297041242,1.0,1.0
247.95233036158066,1.0,1.0
247.91904659423136,1.0,1.0
247.91197970908536,1.0,1.0
247.9052290470944,1.0,1.0
247.89860249403728,1.0,1.0
247.89225631616515,1.0,1.0
247.89923923180422,1.0,1.0
247.96534077150162,1.0,1.0
248.05736339758218,1.0,1.0
248.16217962918049,1.0,1.0
248.26307950581037,1.0,1.0
248.31560653788057,1.0,1.0
248.33495059461944,1.0,1.0
248.3317153510824,1.0,1.0
248.3133389320481,1.0,1.0
248.27611377623174,1.0,1.0
248.24033115074184,1.0,1.0
248.1813139195055,1.0,1.0
248.11904093156812,1.0,1.0
248.05520027442068,1.0,1.0
247.99391558040048,1.0,1.0
247.95657793119358,1.0,1.0
247.9226153984093,1.0,1.0
247.89080792084752,1.0,1.0
247.85397714992138,1.0,1.0
247.81599764180893,1.0,1.0
247.77249122355863,1.0,1.0
247.72440719404915,1.0,1.0
247.67894304176517,1.0,1.0
247.63876230235388,1.0,1.0
247.6100449312563,1.0,1.0
247.5926967452982,1.0,1.0
247.72893528189556,1.0,1.0
247.90687693793896,1.0,1.0
248.0360730506947,1.0,1.0
248.14820367006402,1.0,1.0
248.132384501594,1.0,1.0
248.08132417505757,1.0,1.0
248.05321853683805,1.0,1.0
248.04433313252062,1.0,1.0
248.01818954840138,1.0,1.0
247.99122108904413,1.0,1.0
247.9923381838881,1.0,1.0
247.99248884263545,1.0,1.0
247.99003564559638,1.0,1.0
248.001631991855,1.0,1.0
248.0765052408714,1.0,1.0
248.17817142865724,1.0,1.0
248.30009832837843,1.0,1.0
248.42328170946413,1.0,1.0
248.4909621905984,1.0,1.0
248.53329048948743,1.0,1.0
248.55666529713113,1.0,1.0
248.56458113258842,1.0,1.0
248.56418222736355,1.0,1.0
248.56305906726047,1.0,1.0
248.56114291744427,1.0,1.0
248.55589139009646,1.0,1.0
248.55051230634436,1.0,1.0
248.544233475736,1.0,1.0
248.53774397750783,1.0,1.0
248.53472041723543,1.0,1.0
248.53298490914557,1.0,1.0
248.53294541343712,1.0,1.0
248.53395656651477,1.0,1.0
248.53566083279833,1.0,1.0
248.53648506431776,1.0,1.0
248.5363063251374,1.0,1.0
248.53467481335332,1.0,1.0
248.53133902098085,1.0,1.0
248.5282238953228,1.0,1.0
248.52493043102032,1.0,1.0
248.44148491099259,1.0,1.0
248.32745712435153,1.0,1.0
248.18594915072617,1.0,1.0
248.04396112042573,1.0,1.0
247.94812939718983,1.0,1.0
247.8833612417648,1.0,1.0
247.84537884407138,1.0,1.0
247.8074950068384,1.0,1.0
247.80373096998062,1.0,1.0
247.7996877595459,1.0,1.0
247.79566840961158,1.0,1.0
247.79187730796554,1.0,1.0
247.78772377847844,1.0,1.0
247.78356355431853,1.0,1.0
247.77928972098934,1.0,1.0
247.78550154765043,1.0,1.0
247.84465361646295,1.0,1.0
247.92769305022787,1.0,1.0
248.0274545463875,1.0,1.0
248.12307444331026,1.0,1.0
248.1839680997766,1.0,1.0
248.22038614698664,1.0,1.0
248.23976064445992,1.0,1.0
248.25130042931642,1.0,1.0
248.24288328016755,1.0,1.0
248.23330543497246,1.0,1.0
248.22289430328385,1.0,1.0
248.21155163934822,1.0,1.0
248.2021108346772,1.0,1.0
248.19472586674485,1.0,1.0
248.18931577006413,1.0,1.0
248.1866952348152,1.0,1.0
248.18501155321997,1.0,1.0
248.18369570670154,1.0,1.0
248.18248726104474,1.0,1.0
248.18154777529753,1.0,1.0
248.18066934267728,1.0,1.0
248.180429936601,1.0,1.0
248.1792084735249,1.0,1.0
248.17719283343266,1.0,1.0
248.17426351355405,1.0,1.0
248.16984774743992,1.0,1.0
248.16505902511037,1.0,1.0
248.0925396974298,1.0,1.0
247.98969916676478,1.0,1.0
247.85653342775544,1.0,1.0
